"","Season","Adjusted_OE","Adjusted_DE","Adjusted_OppOE","Adjusted_OppDE","Adjusted_Tempo","Adjusted_OppTempo"
"1",2021,101.333604653855,100.727818499792,100.727818499792,101.333604653855,70.1327168803139,70.1327168803139
